Feature,Coef_Dropout,Coef_Enrolled,Coef_Graduate
Daytime/evening attendance,0.05944958018032269,0.03275859295802793,-0.09220817313835135
Displaced,0.1284742275900014,-0.03691172662577442,-0.09156250096423119
Educational special needs,-0.008567353626556392,0.006975610641427753,0.0015917429851271898
Debtor,0.1486706225741729,0.08396837507567617,-0.23263899764985024
Tuition fees up to date,-0.597641347335673,0.07950755196404649,0.5181337953716258
Gender,0.1669536001449911,-0.040848734518012936,-0.12610486562698114
Scholarship holder,-0.11122619280461052,-0.13109147314081177,0.2423176659454253
International,-0.06254832523879313,0.03557703660050855,0.02697128863828149
Previous qualification (grade),0.03101276253754392,-0.03715235325841921,0.006139590720876833
Admission grade,-0.012730103309413376,-0.03581504696394535,0.04854515027335765
Age at enrollment,0.13773634072145238,-0.055323912796442144,-0.08241242792500578
Unemployment rate,0.2751937812530755,-0.19967704686570228,-0.0755167343873738
Inflation rate,-0.023528974580456496,0.029423475810670997,-0.005894501230214982
GDP,0.054724091414852835,-0.03205643936488709,-0.02266765204996618
Curricular units 1st sem (credited),0.3875514444118983,-0.13024326489545032,-0.2573081795164486
Curricular units 1st sem (enrolled),0.8746297177139286,0.655139633868703,-1.5297693515826352
Curricular units 1st sem (evaluations),-0.3018861743732499,-0.22363975597412789,0.5255259303473795
Curricular units 1st sem (approved),-1.5400729904704678,-0.6478127278468961,2.187885718317361
Curricular units 1st sem (grade),-0.3519226483410618,-0.2986815241053203,0.6506041724463799
Curricular units 1st sem (without evaluations),-0.17109181701361204,0.0028046510277706196,0.1682871659858434
First_Sem_Approval_Rate,0.09884695797083398,-0.35866002946144077,0.25981307149061195
First_Sem_Completion_Rate,-0.22583222392522875,0.5718520396943949,-0.3460198157691644
First_Sem_Evaluation_Rate,0.17441379514318306,0.40417151687152436,-0.5785853120147167
Marital status_1,0.16887912080764486,-0.05086195241950806,-0.11801716838813418
Marital status_2,0.07776901232245982,-0.22043759648823325,0.14266858416577355
Marital status_3,-0.27595700415333424,0.08963822777133877,0.18631877638199423
Marital status_4,-0.3857450391048684,0.05194940281312336,0.33379563629174286
Marital status_5,0.07422832923822963,-0.37399706296651714,0.29976873372828594
Marital status_6,0.350122190193022,0.37498438484372937,-0.725106575036754
Application mode_1,-0.029995848207420753,-0.04687132208022515,0.07686717028764709
Application mode_2,-0.10427402565885127,-0.18148027873013442,0.2857543043889853
Application mode_5,-0.20828258601975275,0.7425097490725175,-0.534227163052766
Application mode_7,0.567351199152224,-0.23581983023425357,-0.3315313689179753
Application mode_10,0.3412988825174772,-0.7553482319933518,0.41404934947586536
Application mode_15,-1.1208904635892727,-0.25569881118616156,1.376589274775454
Application mode_16,-0.3184219495273504,0.12622454078089881,0.19219740874645008
Application mode_17,0.13796594825760905,-0.11301720167532511,-0.02494874658228406
Application mode_18,0.24098045908286223,-0.47871867756111347,0.23773821847825102
Application mode_26,0.07810916308341304,-0.0019811538970088967,-0.07612800918640437
Application mode_27,0.38413628406312744,-0.0014933135421176598,-0.38264297052101093
Application mode_39,0.27409807132865993,-0.040265120959350545,-0.2338329503693102
Application mode_42,0.5215016156869127,-0.3119402667875438,-0.2095613488993686
Application mode_43,-0.12280429003115206,0.4292076382103583,-0.3064033481792041
Application mode_44,-0.33158131186686035,0.5396152876337446,-0.2080339757668853
Application mode_51,0.139685974906042,-0.0048242089357567065,-0.13486176597028413
Application mode_53,-0.2983987179627269,0.6769910958011983,-0.3785923778384745
Application mode_57,-0.1411817959117794,-0.215814490362452,0.35699628627423463
Application order_0,-0.0022114602616113825,-0.0019901931165089044,0.004201653378120284
Application order_1,-0.10648718038613937,0.17518554566104536,-0.06869836527490322
Application order_2,-0.10801637012153412,-3.099498725534127e-05,0.10804736510879002
Application order_3,0.08363818841096914,0.1667145707655518,-0.25035275917652094
Application order_4,0.05416338982561017,-0.2521132049815455,0.19794981515593513
Application order_5,0.027965642019849926,-0.191055385102536,0.16308974308268406
Application order_6,0.25645314199343017,-0.5070587645282199,0.2506056225347903
Application order_9,-0.1962087421774188,0.48162382984340285,-0.2854150876659843
Course_33,0.17282478739945945,0.4874247540956344,-0.6602495414950968
Course_171,-1.1370954822743522,0.3799279094859285,0.7571675727884202
Course_8014,-0.17711960950754402,-0.06508359670728923,0.24220320621483266
Course_9003,-0.48860725817691936,-0.19206457686167458,0.6806718350385924
Course_9070,-0.08792517150811562,0.1631012902101974,-0.0751761187020808
Course_9085,-0.13633018586507908,-0.1648774528108385,0.30120763867592
Course_9119,-0.015443113665192975,0.8647448374265442,-0.8493017237613537
Course_9130,0.7124120843880207,-0.7177667559675092,0.0053546715794910524
Course_9147,-0.23804489451759053,0.1425088828111566,0.0955360117064355
Course_9238,-0.32057085931464435,-0.5086498579219578,0.8292207172366026
Course_9254,0.41191801045989546,-0.27760168808912417,-0.13431632237077304
Course_9500,-0.13028131673704868,0.09055617107230574,0.03972514566474337
Course_9556,0.2338201156197441,-0.09869587995835281,-0.13512423566139242
Course_9670,-0.07562491347993607,-0.06837049791269366,0.1439954113926295
Course_9773,0.23783247150568493,-0.2373550387389728,-0.0004774327667120395
Course_9853,0.8878563450951586,0.03245299869463605,-0.9203093437897907
Course_9991,0.159675599881609,0.04102390472595005,-0.20069950460756078
Previous qualification_1,-0.10595318098975386,0.35759136297380156,-0.25163818198404625
Previous qualification_2,0.8561341180892852,-0.07686747454335095,-0.7792666435459314
Previous qualification_3,0.26357802772546113,-0.24186791972076996,-0.02171010800469135
Previous qualification_4,0.5293298462083988,-0.39020620016094837,-0.13912364604745012
Previous qualification_5,0.0017286197785550664,-0.001662662364084977,-6.595741447008494e-05
Previous qualification_6,-0.26134275965348613,0.05307385608368338,0.20826890356980401
Previous qualification_9,0.20323336700301586,-0.16581457766222657,-0.03741878934079025
Previous qualification_10,-0.050998750242742044,-0.014346858654509163,0.0653456088972512
Previous qualification_12,-0.4008973342197232,0.15714147481936194,0.24375585940035777
Previous qualification_14,0.0019853210146662083,-0.0008440412220506689,-0.0011412797926155388
Previous qualification_15,-0.2156278913021057,-0.04978866028310592,0.2654165515852098
Previous qualification_19,0.13794251325963164,-0.15569340464974527,0.017750891390113304
Previous qualification_38,-0.261129206419345,0.13614239519579635,0.12498681122354778
Previous qualification_39,0.04918672900290374,0.10487771190594461,-0.15406444090884722
Previous qualification_40,-0.3454129459090773,0.4204221535151774,-0.07500920760609905
Previous qualification_42,-0.2017326291430125,-0.05207629472449222,0.25380892386750525
Previous qualification_43,-0.1907272348995192,-0.20880545695454705,0.3995326918540654
Nacionality_1,0.0187019452524822,-0.13107469045120992,0.11237274519873132
Nacionality_2,-0.034333745538470434,-0.08873330223821602,0.1230670477766863
Nacionality_6,-0.3058867282292191,0.48385046843528084,-0.17796374020606268
Nacionality_11,-0.12643901015817308,-0.24131639236368446,0.36775540252185757
Nacionality_13,-0.0023350759496833153,-0.022690679171152518,0.02502575512083578
Nacionality_14,-0.027728458746459864,-0.13863663058270284,0.16636508932916305
Nacionality_21,0.3592558664579858,-0.32131488728886676,-0.03794097916911989
Nacionality_22,-0.244029603079654,0.11729627444595132,0.1267333286337006
Nacionality_24,0.13507463319398005,-0.19190874201125716,0.05683410881727808
Nacionality_25,-0.5937312819437148,0.6031347162817693,-0.009403434338052836
Nacionality_26,-0.5506709826598936,-0.30102415914396496,0.8516951418038609
Nacionality_32,-0.023151947698836273,0.039363931270610095,-0.016211983571773707
Nacionality_41,0.12596179099328877,-0.2108715457646027,0.08490975477131445
Nacionality_62,-0.015392911023932542,0.03617428272164232,-0.02078137169770998
Nacionality_100,0.5704631387027714,0.1403662440579853,-0.7108293827607661
Nacionality_101,0.37338536180867454,-0.1910531931872084,-0.18233216862146645
Nacionality_103,0.17973920752107406,-0.2960555595869341,0.11631635206586087
Nacionality_105,0.21322515029528258,0.411054281807878,-0.6242794321031601
Nacionality_108,-0.04281073989434747,0.17471498632261886,-0.1319042464282711
Mother's qualification_1,-0.09191551413337269,0.241307974932464,-0.14939246079909166
Mother's qualification_2,-0.6824864712946098,0.498606737101183,0.18387973419342923
Mother's qualification_3,-0.3556215452137396,0.3810938643101098,-0.025472319096367046
Mother's qualification_4,-0.8199598665194211,0.4587301197342175,0.36122974678519887
Mother's qualification_5,-0.17242668185862242,0.40650624831582943,-0.23407956645720848
Mother's qualification_6,-0.2497124105236553,-0.13038344506106028,0.38009585558471526
Mother's qualification_9,0.4340262926583201,-0.7246073904349938,0.2905810977766705
Mother's qualification_10,0.4290169823673111,-0.21659536004217006,-0.21242162232514053
Mother's qualification_11,0.20490960957948323,-0.06341269615554494,-0.14149691342393975
Mother's qualification_12,0.3954086817727935,-0.24657478759237625,-0.1488338941804194
Mother's qualification_14,0.0006792550031996731,-0.0005827437181504865,-9.65112850491801e-05
Mother's qualification_18,0.156742829648734,-0.07747537110382746,-0.07926745854490619
Mother's qualification_19,-0.22817076823048948,0.34547928770499003,-0.11730851947450008
Mother's qualification_22,-0.012681103129482623,-0.006361837653127619,0.01904294078261017
Mother's qualification_26,-0.3006307126506944,-0.12472266982903922,0.42535338247973375
Mother's qualification_29,-0.09455487280190443,-0.22998809333668802,0.3245429661385918
Mother's qualification_30,-0.04433885974107155,-0.04317451243296901,0.08751337217404058
Mother's qualification_34,0.6912519813597708,-0.5001758766854699,-0.1910761046742905
Mother's qualification_35,0.2213396894905011,-0.1481320129182184,-0.07320767657228194
Mother's qualification_36,0.2260024440422996,-0.2981722427142701,0.07216979867196908
Mother's qualification_37,0.03406714530799438,0.18370834637844158,-0.2177754916864345
Mother's qualification_38,-0.014173314329143446,0.15025640675034305,-0.1360830924211993
Mother's qualification_39,-0.4475658621282376,0.07316408248411448,0.37440177964412386
Mother's qualification_40,0.3827272197199373,0.07996375646373585,-0.46269097618367433
Mother's qualification_41,0.10905962851563727,-0.5940923488773583,0.4850327203617201
Mother's qualification_42,0.040006714881996606,-0.0702449365163747,0.030238221634378157
Mother's qualification_43,-0.07292985987166249,0.7164703668243424,-0.6435405069526856
Mother's qualification_44,0.27122597738128645,-0.18931546237419886,-0.08191051500708803
Father's qualification_1,-0.31734514912678685,0.2737859634409017,0.04355918568588507
Father's qualification_2,-0.016563115717100486,0.6236632051565126,-0.6071000894394121
Father's qualification_3,-0.04794943873803706,0.12065818851560586,-0.07270874977756941
Father's qualification_4,0.2644415404858089,-0.2266317471931252,-0.03780979329268154
Father's qualification_5,0.5581492076323941,-0.5568466673188469,-0.0013025403135473231
Father's qualification_6,0.0560337374115772,-0.044113452907282774,-0.011920284504294434
Father's qualification_9,-0.42645473716692406,-0.35876372801260953,0.7852184651795424
Father's qualification_10,0.3692751019350888,-0.09579006222650215,-0.27348503970858723
Father's qualification_11,-0.24097453037588593,-0.3811003867965499,0.6220749171724355
Father's qualification_12,-0.1344533824128286,-0.008994218767123542,0.14344760117995264
Father's qualification_14,0.06555376420729382,-0.294145169838859,0.22859140563156566
Father's qualification_18,0.156742829648734,-0.07747537110382746,-0.07926745854490619
Father's qualification_19,-0.3771548998957957,0.24349441943635744,0.13366048045944146
Father's qualification_20,0.03549669913229364,-0.012220671706447911,-0.023276027425845818
Father's qualification_22,0.6947984397928432,-0.26603069241061567,-0.42876774738222584
Father's qualification_25,0.06662416468899077,-0.006874579502154555,-0.0597495851868367
Father's qualification_26,0.00041902273970936685,-0.0003792376642453918,-3.9785075463960865e-05
Father's qualification_27,0.025602878794444495,-0.02404863201153796,-0.0015542467829064487
Father's qualification_29,0.17724737567100485,-0.13086205911480725,-0.04638531655619704
Father's qualification_30,-0.5013601075192203,0.3969956262706136,0.10436448124860782
Father's qualification_31,0.41705540830071325,-0.14910753281483569,-0.26794787548587623
Father's qualification_34,0.27666508362899256,0.05942298916552613,-0.33608807279451797
Father's qualification_35,0.2213396894905011,-0.1481320129182184,-0.07320767657228194
Father's qualification_36,-0.18535352624507334,-0.2547766199314072,0.4401301461764813
Father's qualification_37,-0.2612279203553801,0.19738733316660798,0.06384058718877463
Father's qualification_38,-0.39731842887689295,0.24705751082988345,0.1502609180470109
Father's qualification_39,-0.23257827146736504,1.1305085970533506,-0.8979303255859872
Father's qualification_40,0.5995883975648197,-0.34861637301415943,-0.2509720245506614
Father's qualification_41,-0.21551573233787671,0.22235278888726562,-0.0068370565493887465
Father's qualification_42,-0.15412052034332116,-0.05775467091906628,0.21187519126238769
Father's qualification_43,-0.48025873831685145,-0.18884224704127553,0.6691009853581282
Father's qualification_44,0.01289176707329802,-0.0125450851551904,-0.0003466819181075852
Mother's occupation_0,1.2560276355972015,-1.5106622937183658,0.25463465812116787
Mother's occupation_1,0.2847704137750527,-0.187657564712823,-0.09711284906222696
Mother's occupation_2,0.37589790785939947,-0.13794427798050563,-0.23795362987889304
Mother's occupation_3,0.09862878945302869,0.022333230195789082,-0.1209620196488172
Mother's occupation_4,0.17563507563741249,-0.16160825660543507,-0.01402681903197817
Mother's occupation_5,0.18688049780307237,-0.27499325910020944,0.08811276129713666
Mother's occupation_6,-0.15242960034630756,-0.333264833804159,0.48569443415046765
Mother's occupation_7,0.2901349769527038,-0.1656216099201517,-0.12451336703255175
Mother's occupation_8,0.5372667488466779,0.21508838180325499,-0.7523551306499336
Mother's occupation_9,0.04508867421892904,-0.08036953708841724,0.0352808628694881
Mother's occupation_10,-0.23757476613272013,-0.044521168658681165,0.28209593479139977
Mother's occupation_90,0.4793010335090839,-1.2100849270995864,0.7307838935905013
Mother's occupation_99,0.019691073422814558,0.3522545171622466,-0.3719455905850575
Mother's occupation_122,-0.059958029980607765,0.21014990903245984,-0.150191879051852
Mother's occupation_123,0.3646012694292744,-0.1115744392838288,-0.2530268301454436
Mother's occupation_131,-0.12933473254995706,0.23864005836083643,-0.10930532581088115
Mother's occupation_132,-0.06382050259048305,0.6217520226463931,-0.5579315200559082
Mother's occupation_134,-0.4769291909317779,0.5159015160147282,-0.03897232508295127
Mother's occupation_141,-0.25431875686531397,0.3893761303958674,-0.1350573735305539
Mother's occupation_143,-0.10186761255555431,0.13716208822769305,-0.03529447567213856
Mother's occupation_144,-0.39929731038994004,-0.12004838039232961,0.5193456907822726
Mother's occupation_151,-0.25548070491341296,0.10717226008268677,0.14830844483072841
Mother's occupation_152,-0.003907987294811792,-0.03640298300365044,0.040310970298462055
Mother's occupation_153,-0.009150835349876412,-0.08721694922015687,0.09636778457003363
Mother's occupation_171,-0.312518914470055,-0.15106885866123315,0.4635877731312878
Mother's occupation_173,-0.08629298340736621,0.1349525199093035,-0.048659536501937536
Mother's occupation_175,-0.10322173101557479,0.2078397847199591,-0.10461805370438503
Mother's occupation_191,-1.1335960522937736,0.6645526871781835,0.46904336511559064
Mother's occupation_192,-0.3601831576477807,0.718608777649094,-0.3584256200013152
Mother's occupation_193,0.10667874052277179,-0.18057586514355423,0.07389712462078189
Mother's occupation_194,-0.07142335898894181,0.1291067245685109,-0.05768336557956943
Father's occupation_0,0.19026704068941372,-0.8016506662560248,0.6113836255666172
Father's occupation_1,0.21147140272384235,-0.3378758246972842,0.126404421973445
Father's occupation_2,-0.09742461994103958,0.17210092280988853,-0.0746763028688475
Father's occupation_3,0.29123732496717913,-0.45204413706034574,0.1608068120931648
Father's occupation_4,0.5523398437470098,-0.23734167793859465,-0.31499816580842016
Father's occupation_5,0.08453619439783704,0.010915409278762639,-0.0954516036765996
Father's occupation_6,-0.11768322661121793,-0.019378703841968447,0.13706193045318785
Father's occupation_7,0.1901309043476504,-0.11168005332913279,-0.07845085101851694
Father's occupation_8,0.20129113336933693,-0.13199654811364636,-0.06929458525568999
Father's occupation_9,0.3783704569340654,-0.2505099950826673,-0.12786046185139516
Father's occupation_10,0.19371454370287605,-0.04217265060012829,-0.15154189310274818
Father's occupation_90,1.0736512608102922,-1.016825492012541,-0.056825768797741226
Father's occupation_99,-0.15041092352520125,0.2129585885976086,-0.06254766507240489
Father's occupation_101,-0.012174982219711944,-0.06851866327355885,0.08069364549327045
Father's occupation_102,-0.13860093756633282,0.23730708024069264,-0.09870614267435991
Father's occupation_103,0.4267511122153839,-0.3022488907388089,-0.12450222147657673
Father's occupation_112,-0.1095142916225152,0.351941167747583,-0.24242687612506722
Father's occupation_122,-0.09006365305842479,0.42684667814733546,-0.3367830250889121
Father's occupation_123,-0.36487195602806494,0.4022977310049904,-0.03742577497692564
Father's occupation_131,-0.06838152669616475,-0.4396370455740221,0.50801857227019
Father's occupation_134,-0.36259107405483526,0.3630811074889725,-0.0004900334341402011
Father's occupation_135,-0.051429472920581656,0.24998550659590013,-0.19855603367531735
Father's occupation_141,-0.020099688520431584,-0.08176608851360048,0.10186577703403235
Father's occupation_143,-0.0042797764431916465,-0.08737600019701736,0.09165577664020924
Father's occupation_144,-0.09051162685711116,0.37834550583396137,-0.28783387897684576
Father's occupation_151,-0.05808393339434846,-0.2742153906320976,0.3322993240264461
Father's occupation_152,-0.037007444273018816,0.3777547435807359,-0.34074729930771647
Father's occupation_153,-0.006607967732123115,-0.04974376445180591,0.056351732183929366
Father's occupation_154,-0.01652908158986773,-0.5377757902115152,0.5543048718013843
Father's occupation_161,-0.19401111875257473,0.4182329671809448,-0.2242218484283701
Father's occupation_163,-0.5524552757399178,0.527169239039254,0.025286036700660052
Father's occupation_171,-0.28326695077451713,0.2504264233737881,0.03284052740073063
Father's occupation_172,-0.09229788783438835,0.03448194089544202,0.05781594693894697
Father's occupation_175,-0.0809080104937823,0.21476448530549774,-0.13385647481171517
Father's occupation_181,-0.13254450429930553,0.20902220476163305,-0.07647770046232731
Father's occupation_182,-0.15283152084527937,0.18537714266890348,-0.032545621823621806
Father's occupation_183,-0.11907792553689447,0.44824787752768547,-0.3291699519907932
Father's occupation_192,-0.13979559609357586,-0.28307511172944577,0.4228707078230225
Father's occupation_193,-0.3103892677609057,0.34234933949241086,-0.031960071731503545
Father's occupation_194,0.07851622968137192,-0.2746971041881107,0.1961808745067393
Father's occupation_195,-0.00913659709777863,-0.14180105957572872,0.150937656673508
